Cluster_Label,total_spending,average_spending,purchase_count
"Frequent, Low-Value Purchases",30774.286666666667,538.4298465608466,56.666666666666664
"High-Value, Infrequent Purchases",12566.539999999999,418.88466666666665,30.0
"Moderate, Balanced Spending",78568.17000000001,523.5090236094438,150.0
