Category,total_spending,average_spending,purchase_count,MDS1,MDS2,Budgeting_Tip
Clothing,3400.68,36.17744680851064,94,0.9999417452154797,-0.24312743478857682,Frequent purchases; look for bulk discounts.
Electronics,37281.31,295.88341269841266,126,-2.6972489349594593,-1.8216371811913317,High spending; consider reducing in this category.
Entertainment,8419.859999999999,165.09529411764703,51,-0.5217901524247777,1.0969744345607202,Monitor spending; ensure it aligns with your budget.
Household,8827.44,81.73555555555556,108,0.39625203258763986,-0.774677620784099,Frequent purchases; look for bulk discounts.
Necessities,2661.67,32.86012345679013,81,0.9910126075722063,0.19239534968456742,Frequent purchases; look for bulk discounts.
Sports,1567.52,39.188,40,0.8318327020089111,1.5500724525187195,Spending seems reasonable in this category.
